Condition,N,% Objecting,M Appropriateness,SD,SEM,95% CI +/-
Badge (A),75,14.666666666666666,3.933333333333333,1.1429375776070652,0.13197506361967556,0.26296605454147426
Poster (B),118,7.627118644067797,4.3474576271186445,1.0074688486971575,0.09274502504338496,0.18367666213700376
A/B,118,43.22033898305085,2.8389830508474576,1.320258579846762,0.1215396537669416,0.24070291544755165
A/B Learn,102,50.98039215686274,2.627450980392157,1.3043838394213505,0.1291532453701531,0.2562052969731053
