Condition,N,% Objecting,M Appropriateness,SD,SEM,95% CI +/-
Badge (A),97,24.742268041237114,3.731958762886598,1.3111339233459158,0.13312548010458722,0.26425198947150064
Poster (B),97,11.34020618556701,4.206185567010309,1.0891332977217185,0.11058473171610791,0.2195089575503941
A/B,101,44.554455445544555,2.8415841584158414,1.2388113114379182,0.1232663326533538,0.24455689317710358
A/B Learn,91,49.45054945054945,2.901098901098901,1.4302676133036942,0.1499327851480711,0.29786764707048086
