Condition,N,% Objecting,M Appropriateness,SD,SEM,95% CI +/-
Drug A,240,20,3.629166666666667,1.335069041095229,0.08617833603664879,0.1697661000949479
Drug B,240,16.25,3.7,1.2449059382054048,0.08035833277107088,0.1583010463195206
A/B Learn,240,25,3.466666666666667,1.3346576407944855,0.08615178026142538,0.16971378682688062
