Condition,N,% Objecting,M Appropriateness,SD,SEM,95% CI +/-
Drug A,98,4.081632653061225,4.530612244897959,0.8148629842786367,0.08231359170304729,0.1633696939771263
Drug B,102,7.8431372549019605,4.333333333333333,1.0467614680322808,0.10364482956548195,0.20560346170509633
A/B Learn,102,33.33333333333333,3.3333333333333335,1.4578794673271604,0.14435157725301306,0.28635469912234324
