Condition,N,% Objecting,M Appropriateness,SD,SEM,95% CI +/-
Drug A,104,9.615384615384617,4.125,1.1293739136766014,0.11074422353807009,0.21963504778383108
Drug B,100,9,4.19,1.098161917004772,0.10981619170047721,0.2178991491307505
A/B Learn,99,33.33333333333333,3.3838383838383836,1.3605751387951954,0.13674294649907226,0.2713619269610034
