Condition,N,% Objecting,M Appropriateness,SD,SEM,95% CI +/-
Drug A,76,22.36842105263158,3.460526315789474,1.3994359766104267,0.16052631578947366,0.31978481945825454
Drug B,78,23.076923076923077,3.576923076923077,1.3533914184995899,0.15324140213754628,0.305142615561868
A/B Learn,77,57.14285714285714,2.311688311688312,1.3979283569073904,0.1593087214024407,0.31729081689475386
