policyOrAB,n,Mean,Median,sd,StdErr
Policy,2777,7.4065538350738205,8,3.1299888547117996,0.05939567896820185
AB Test,2065,7.741888619854722,8,3.0548464032854388,0.06722477401226776
