Condition,N,% Objecting,M Appropriateness,SD,SEM,95% CI +/-
Actionable (A),97,15.463917525773196,4.1340206185567014,1.169302373741332,0.11872466810598993,0.23566660358110064
All (B),102,8.823529411764707,4.303921568627451,1.0028594334664078,0.09929788039977433,0.19698028387681013
A/B,91,19.78021978021978,3.5824175824175826,1.174411758815016,0.12311180388337001,0.24458308643520646
A/B Learn,88,22.727272727272727,3.625,1.3417478736043664,0.14303080391053397,0.2842892103749197
