Condition,N,% Objecting,M Appropriateness,SD,SEM,95% CI +/-
$1000 (A),102,20.588235294117645,3.7254901960784315,1.1531863970059502,0.11418246775895653,0.22650730128742097
$500 (B),106,18.867924528301888,3.7547169811320753,1.1365052594914604,0.11038714910387294,0.2188773252738506
A/B Learn,96,21.875,3.6354166666666665,1.2062974379364029,0.1231172167071186,0.24441857801661104
